 
delimiter $$
CREATE TRIGGER tg_InserirSindicancia AFTER INSERT ON sindicancia_sentenciado
FOR EACH ROW
BEGIN
update sentenciado set quantida_sindicancia = quantida_sindicancia + 1
where id = new.sentenciado_id;
END
$$

delimiter $$
CREATE TRIGGER tg_DeleteSindicancia AFTER DELETE ON sindicancia_sentenciado
FOR EACH ROW
BEGIN
update sentenciado set quantida_sindicancia = quantida_sindicancia - 1
where id = old.sentenciado_id;
END
$$




delimiter $$
CREATE TRIGGER tg_InserirObservacao AFTER INSERT ON observacao
FOR EACH ROW
BEGIN
update sentenciado set quantida_observacao = quantida_observacao + 1
where id = new.sentenciado_id;
END
$$

delimiter $$
CREATE TRIGGER tg_DeleteObservacao AFTER DELETE ON observacao
FOR EACH ROW
BEGIN
update sentenciado set quantida_sindicancia = quantida_sindicancia - 1
where id = old.sentenciado_id;
END
$$

 
 INSERT INTO `coordenadoria` (`id`, `nome`, `sigla`) VALUES
(1, 'Região Metropolitana de São Paulo', 'COREMETRO'),
(2, 'Região do Vale do Paraiba e Litoral', 'CVL'),
(3, 'Região Central', 'CRC'),
(4, 'Região Noroeste', 'CRN'),
(5, 'Região Oeste', 'CRO'),
(6, 'Saúde', 'CS'),
(7, 'Fora da SAP', 'FSAP');
  

  INSERT INTO `faccao` (`id`, `nome`, `sigla_faccao`) VALUES
(1, 'Primeiro Comando da Capital', 'PCC'),
(2, 'Comando Revolucionário da Criminalidade', 'CRBC'),
(3, 'Comissão Democratica da LIberdade', 'CDL'),
(4, 'Comando Vermelho', 'CV'),
(5, 'Familia do Norte', 'FDL'),
(6, 'Seita Satanica', 'SS'),
(7, 'Cerol Fino', 'CF'),
(8, 'Amigos dos Amigos', 'ADA');

 
 INSERT INTO `pavilhao` (`id`, `nome`, `sigla_pavilhao`) VALUES
(1, 'Raio I', 'RI'),
(2, 'Raio II', 'RII'),
(3, 'Raio III', 'RIII'),
(4, 'Raio IV', 'RIV'),
(5, 'Pavilhão Hospitalar', 'PH'),
(6, 'Pavilhão Disciplinar', 'PD'),
(7, 'Inclusão', 'INC'),
(8, 'Ala de Progressão', 'ALA');


INSERT INTO `cela` (`ID`, `lotacao`, `numero_cela`, `pavilhao_id`) VALUES
(1, 2, 1, 1),(2, 2, 2, 1),(3, 2, 3, 1),(4, 2, 4, 1),(5, 2, 5, 1),(6, 2, 6, 1),(7, 2, 7, 1),(8, 2, 8, 1),(9, 2, 9, 1),(10, 2, 10, 1),(11, 2, 11, 1),
(12, 2, 12, 1),(13, 2, 13, 1),(14, 2, 14, 1),(15, 2, 15, 1),(16, 2, 16, 1),(17, 2, 17, 1),(18, 2, 18, 1),(19, 2, 19, 1),(20, 2, 20, 1),(21, 2, 21, 1),
(22, 2, 22, 1),(23, 2, 23, 1),(24, 2, 24, 1),(25, 2, 25, 1),(26, 2, 26, 1),(27, 2, 27, 1),(28, 2, 28, 1),(29, 2, 29, 1),(30, 2, 30, 1),(31, 2, 31, 1),
(32, 2, 32, 1),(33, 2, 33, 1),(34, 2, 34, 1),(35, 2, 35, 1),(36, 2, 36, 1),(37, 2, 37, 1),(38, 2, 38, 1),(39, 2, 39, 1),(40, 2, 40, 1),(41, 2, 41, 1),
(42, 2, 42, 1),(43, 2, 43, 1),(44, 2, 44, 1),(45, 2, 45, 1),(46, 2, 46, 1),(47, 2, 47, 1),(48, 2, 48, 1),(49, 2, 49, 1),(50, 2, 50, 1),(51, 2, 51, 1),
(52, 2, 52, 1),(53, 2, 53, 1),(54, 2, 54, 1),(55, 2, 55, 1),(56, 2, 56, 1),(57, 2, 57, 1),(58, 2, 58, 1),(59, 2, 59, 1),(60, 2, 60, 1),(61, 2, 61, 1),
(62, 2, 62, 1),(63, 2, 63, 1),(64, 2, 64, 1),(65, 2, 65, 1),(66, 2, 66, 1),(67, 2, 67, 1),(68, 2, 68, 1),(69, 2, 69, 1),(70, 2, 70, 1),(71, 2, 71, 1),
(72, 2, 72, 1),(73, 2, 73, 1),(74, 2, 74, 1),(75, 2, 75, 1),(76, 2, 76, 1),(77, 2, 77, 1),(78, 2, 78, 1),(79, 2, 79, 1),(80, 2, 80, 1),(81, 2, 81, 1),
(82, 2, 82, 1),(83, 2, 83, 1),(84, 2, 84, 1),(85, 2, 85, 1),(86, 2, 86, 1),(87, 2, 87, 1),(88, 2, 88, 1),(89, 2, 89, 1),(90, 2, 90, 1),(91, 2, 91, 1),
(92, 2, 92, 1),(93, 2, 93, 1),(94, 2, 94, 1),(95, 2, 95, 1),(96, 2, 96, 1),(97, 2, 97, 1),(98, 2, 98, 1),(99, 2, 99, 1),(100, 2, 100, 1),(101, 2, 101, 1),
(102, 2, 102, 1),(103, 2, 103, 1),(104, 2, 104, 2),(105, 2, 105, 2),(106, 2, 106, 2),(107, 2, 107, 2),(108, 2, 108, 2),(109, 2, 109, 2),(110, 2, 110, 2),
(111, 2, 111, 2),(112, 2, 112, 2),(113, 2, 113, 2),(114, 2, 114, 2),(115, 2, 115, 2),(116, 2, 116, 2),(117, 2, 117, 2),(118, 2, 118, 2),(119, 2, 119, 2),
(120, 2, 120, 2),(121, 2, 121, 2),(122, 2, 122, 2),(123, 2, 123, 2),(124, 2, 124, 2),(125, 2, 125, 2),(126, 2, 126, 2),(127, 2, 127, 2),(128, 2, 128, 2),
(129, 2, 129, 2),(130, 2, 130, 2),(131, 2, 131, 2),(132, 2, 132, 2),(133, 2, 133, 2),(134, 2, 134, 2),(135, 2, 135, 2),(136, 2, 136, 2),(137, 2, 137, 2),
(138, 2, 138, 2),(139, 2, 139, 2),(140, 2, 140, 2),(141, 2, 141, 2),(142, 2, 142, 2),(143, 2, 143, 2),(144, 2, 144, 2),(145, 2, 145, 2),(146, 2, 146, 2),
(147, 2, 147, 2),(148, 2, 148, 2),(149, 2, 149, 2),(150, 2, 150, 2),(151, 2, 151, 2),(152, 2, 152, 2),(153, 2, 153, 2),(154, 2, 154, 2),(155, 2, 155, 2),
(156, 2, 156, 2),(157, 2, 157, 2),(158, 2, 158, 2),(159, 2, 159, 2),(160, 2, 160, 2),(161, 2, 161, 2),(162, 2, 162, 2),(163, 2, 163, 2),(164, 2, 164, 2),
(165, 2, 165, 2),(166, 2, 166, 2),(167, 2, 167, 2),(168, 2, 168, 2),(169, 2, 169, 2),(170, 2, 170, 2),(171, 2, 171, 2),(172, 2, 172, 2),(173, 2, 173, 2),
(174, 2, 174, 2),(175, 2, 175, 2),(176, 2, 176, 2),(177, 2, 177, 2),(178, 2, 178, 2),(179, 2, 179, 2),(180, 2, 180, 2),(181, 2, 181, 2),(182, 2, 182, 2),
(183, 2, 183, 2),(184, 2, 184, 2),(185, 2, 185, 2),(186, 2, 186, 2),(187, 2, 187, 2),(188, 2, 188, 2),(189, 2, 189, 2),(190, 2, 190, 2),(191, 2, 191, 2),
(192, 2, 192, 2),(193, 2, 193, 2),(194, 2, 194, 2),(195, 2, 195, 2),(196, 2, 196, 2),(197, 2, 197, 2),(198, 2, 198, 2),(199, 2, 199, 2),(200, 2, 200, 2),
(201, 2, 201, 2),(202, 2, 202, 2),(203, 2, 203, 2),(204, 2, 204, 2),(205, 2, 205, 2),(206, 2, 206, 2),(207, 2, 207, 3),(208, 2, 208, 3),(209, 2, 209, 3),
(210, 2, 210, 3),(211, 2, 211, 3),(212, 2, 212, 3),(213, 2, 213, 3),(214, 2, 214, 3),(215, 2, 215, 3),(216, 2, 216, 3),(217, 2, 217, 3),(218, 2, 218, 3),
(219, 2, 219, 3),(220, 2, 220, 3),(221, 2, 221, 3),(222, 2, 222, 3),(223, 2, 223, 3),(224, 2, 224, 3),(225, 2, 225, 3),(226, 2, 226, 3),(227, 2, 227, 3),
(228, 2, 228, 3),(229, 2, 229, 3),(230, 2, 230, 3),(231, 2, 231, 3),(232, 2, 232, 3),(233, 2, 233, 3),(234, 2, 234, 3),(235, 2, 235, 3),(236, 2, 236, 3),
(237, 2, 237, 3),(238, 2, 238, 3),(239, 2, 239, 3),(240, 2, 240, 3),(241, 2, 241, 3),(242, 2, 242, 3),(243, 2, 243, 3),(244, 2, 244, 3),(245, 2, 245, 3),
(246, 2, 246, 3),(247, 2, 247, 3),(248, 2, 248, 3),(249, 2, 249, 3),(250, 2, 250, 3),(251, 2, 251, 3),(252, 2, 252, 3),(253, 2, 253, 3),(254, 2, 254, 3),
(255, 2, 255, 3),(256, 2, 256, 3),(257, 2, 257, 3),(258, 2, 258, 3),(259, 2, 259, 3),(260, 2, 260, 3),(261, 2, 261, 3),(262, 2, 262, 3),(263, 2, 263, 3),
(264, 2, 264, 3),(265, 2, 265, 3),(266, 2, 266, 3),(267, 2, 267, 3),(268, 2, 268, 3),(269, 2, 269, 3),(270, 2, 270, 3),(271, 2, 271, 3),(272, 2, 272, 3),
(273, 2, 273, 3),(274, 2, 274, 3),(275, 2, 275, 3),(276, 2, 276, 3),(277, 2, 277, 3),(278, 2, 278, 3),(279, 2, 279, 3),(280, 2, 280, 3),(281, 2, 281, 3),
(282, 2, 282, 3),(283, 2, 283, 3),(284, 2, 284, 3),(285, 2, 285, 3),(286, 2, 286, 3),(287, 2, 287, 3),(288, 2, 288, 3),(289, 2, 289, 3),(290, 2, 290, 3),
(291, 2, 291, 3),(292, 2, 292, 3),(293, 2, 293, 3),(294, 2, 294, 3),(295, 2, 295, 3),(296, 2, 296, 3),(297, 2, 297, 3),(298, 2, 298, 3),(299, 2, 299, 3),
(300, 2, 300, 3),(301, 2, 301, 3),(302, 2, 302, 3),(303, 2, 303, 3),(304, 2, 304, 3),(305, 2, 305, 3),(306, 2, 306, 3),(307, 2, 307, 3),(308, 2, 308, 3),
(309, 2, 309, 3),(310, 2, 310, 4),(311, 2, 311, 4),(312, 2, 312, 4),(313, 2, 313, 4),(314, 2, 314, 4),(315, 2, 315, 4),(316, 2, 316, 4),(317, 2, 317, 4),
(318, 2, 318, 4),(319, 2, 319, 4),(320, 2, 320, 4),(321, 2, 321, 4),(322, 2, 322, 4),(323, 2, 323, 4),(324, 2, 324, 4),(325, 2, 325, 4),(326, 2, 326, 4),
(327, 2, 327, 4),(328, 2, 328, 4),(329, 2, 329, 4),(330, 2, 330, 4),(331, 2, 331, 4),(332, 2, 332, 4),(333, 2, 333, 4),(334, 2, 334, 4),(335, 2, 335, 4),
(336, 2, 336, 4),(337, 2, 337, 4),(338, 2, 338, 4),(339, 2, 339, 4),(340, 2, 340, 4),(341, 2, 341, 4),(342, 2, 342, 4),(343, 2, 343, 4),(344, 2, 344, 4),
(345, 2, 345, 4),(346, 2, 346, 4),(347, 2, 347, 4),(348, 2, 348, 4),(349, 2, 349, 4),(350, 2, 350, 4),(351, 2, 351, 4),(352, 2, 352, 4),(353, 2, 353, 4),
(354, 2, 354, 4),(355, 2, 355, 4),(356, 2, 356, 4),(357, 2, 357, 4),(358, 2, 358, 4),(359, 2, 359, 4),(360, 2, 360, 4),(361, 2, 361, 4),(362, 2, 362, 4),
(363, 2, 363, 4),(364, 2, 364, 4),(365, 2, 365, 4),(366, 2, 366, 4),(367, 2, 367, 4),(368, 2, 368, 4),(369, 2, 369, 4),(370, 2, 370, 4),(371, 2, 371, 4),
(372, 2, 372, 4),(373, 2, 373, 4),(374, 2, 374, 4),(375, 2, 375, 4),(376, 2, 376, 4),(377, 2, 377, 4),(378, 2, 378, 4),(379, 2, 379, 4),(380, 2, 380, 4),
(381, 2, 381, 4),(382, 2, 382, 4),(383, 2, 383, 4),(384, 2, 384, 4),(385, 2, 385, 4),(386, 2, 386, 4),(387, 2, 387, 4),(388, 2, 388, 4),(389, 2, 389, 4),
(390, 2, 390, 4),(391, 2, 391, 4),(392, 2, 392, 4),(393, 2, 393, 4),(394, 2, 394, 4),(395, 2, 395, 4),(396, 2, 396, 4),(397, 2, 397, 4),(398, 2, 398, 4),
(399, 2, 399, 4),(400, 2, 400, 4),(401, 2, 401, 4),(402, 2, 402, 4),(403, 2, 403, 4),(404, 2, 404, 4),(405, 2, 405, 4),(406, 2, 406, 4),(407, 2, 407, 4),
(408, 2, 408, 4),(409, 2, 409, 4),(410, 2, 410, 4),(411, 2, 411, 4),(412, 2, 412, 4),(413, 2, 1, 5),(414, 2, 2, 5),(415, 2, 3, 5),(416, 2, 4, 5),(417, 2, 5, 5),
(418, 2, 6, 5),(419, 2, 7, 5),(420, 2, 8, 5),(421, 2, 9, 5),(422, 2, 10, 5),(423, 2, 11, 5),(424, 2, 12, 5),(425, 2, 13, 5),(426, 2, 14, 5),(427, 2, 15, 5),
(428, 2, 16, 5),(429, 2, 17, 5),(430, 2, 18, 5),(431, 2, 19, 5),(432, 2, 20, 5),(433, 2, 21, 5),(434, 2, 1, 6),(435, 2, 2, 6),(436, 2, 3, 6),(437, 2, 4, 6),
(438, 2, 5, 6),(439, 2, 6, 6),(440, 2, 7, 6),(441, 2, 8, 6),(442, 2, 9, 6),(443, 2, 10, 6),(444, 2, 11, 6),(445, 2, 12, 6),(446, 2, 13, 6),(447, 2, 14, 6),
(448, 2, 15, 6),(449, 2, 16, 6),(450, 2, 17, 6),(451, 2, 18, 6),(452, 2, 19, 6),(453, 2, 20, 6),(454, 2, 21, 6),(455, 2, 22, 6),(456, 2, 23, 6),(457, 2, 24, 6),
(458, 2, 25, 6),(459, 2, 1, 7),(460, 2, 2, 7),(461, 2, 3, 7),(462, 2, 4, 7),(463, 2, 5, 7),(464, 3, 1, 8),(465, 6, 2, 8),(466, 6, 3, 8),(467, 6, 4, 8),(468, 6, 5, 8),
(469, 6, 6, 8),(470, 6, 7, 8),(471, 6, 8, 8),(472, 6, 9, 8),(473, 3, 10, 8);



INSERT INTO `evento_coletivo` (`id`, `data_ocorrido`, `data_registro`, `relato`, `pavilhao_id`) VALUES
(1, '2020-07-01', '2020-07-09 19:41:14', 'Foi retirado a força, pois o mesmo se recusou a se apresentar na contagem.', 1),
(2, '2020-07-01', '2020-07-09 19:45:49', 'Um sentenciado simulou uma convulsão para sair da cela e ao ser retirado da cela atacou os Policiais Penais e foi contido.  ', 8),
(6, '2019-06-06', '2020-07-09 19:47:38', 'População pediu atendimento para um sentenciado e ao ser atendido o mesmo lançou plastico quente no rosto do Policial Penal Caetano Veloso.', 3),
(7, '2019-09-09', '2020-07-09 19:50:31', 'Sentenciado perde seu beneficio e foi conduzido ao sistema fechado. \nA população não colaborou com os Policiais Penais.\nE hou ve principio de Motim.', 6),
(8, '2021-07-18', '2021-07-19 16:10:42', 'População se negaram a pegar alimentação.', 6);

INSERT INTO `presidio` (`id`, `coordenadoria_id`, `cidade`, `nome`, `sigla`, `regime`) VALUES
(1, 4, 'Álvaro de Carvalho', 'Penitenciária  de Alvaro de Carvalho', 'PCAR', 'Fechado'),
(2, 3, 'Americana', 'Centro de Detenção Provisória de Americana', 'CDAME', 'Fechado'),
(3, 5, 'Andradina', 'Penitenciária de Andradina', 'ANDRA', 'Fechado'),
(4, 5, 'Araçatuba', 'Centro de Ressocialização Araçatuba', 'ARATU', 'Fechado'),
(5, 4, 'Araraquara', 'Centro de Ressocialização Masculino de Araraquara', 'CRARQ', 'Fechado'),
(6, 4, 'Araraquara', 'Penitenciária  de Araraquara + Ala de Progressão', 'PAR', 'Semi-Aberto'),
(7, 4, 'Araraquara', 'Centro de Ressocialização Feminino de Araraquara', 'CRFAR', 'Fechado'),
(8, 5, 'Assis', 'Penitenciária de Assis', 'PAS', 'Fechado'),
(9, 3, 'Atibaia', 'Centro de Ressocialização Masculino de Atibaia', 'CRATI', 'Fechado'),
(10, 4, 'Avanhandava', 'Penitenciária Compacta de Avanhandava', 'PEAVA', 'Fechado'),
(11, 4, 'Avarè', 'Centro de Ressocialização de Avaré', 'CRAVA ', 'Fechado'),
(12, 4, 'Avarél', 'Penitenciária  de Avaré I', 'AVARE', 'Fechado'),
(13, 4, 'Avarè II', 'Penitenciária de Avaré II', 'AVRII', 'Fechado'),
(14, 4, 'Balbinos', 'Penitenciária I de Balbinos', 'PBALI', 'Fechado'),
(15, 4, 'Balbinos', 'Penitenciária II de Balbinos', 'PEBII', 'Fechado'),
(16, 4, 'Bauru', 'Instituto Penal Agrícola, de Bauru', 'IPAB', 'Fechado'),
(17, 4, 'Bauru', 'Centro de Detenção Proviasoria de Bauru', 'CDBAU', 'Fechado'),
(18, 4, 'Bauru', 'Penitenciária de Bauru I + Ala de Progressão', 'PBI', 'Semi-Aberto'),
(19, 4, 'Bauru', 'Penitenciária  de Bauru II + Ala de Progressão', 'BRUSA', 'Semi-Aberto'),
(20, 5, 'Birigüi', 'Centro de Ressocialização de Birigüi', 'CRBIR', 'Fechado'),
(21, 3, 'Bragança Paulista', 'Centro de Ressocialização de Bragança Paulista', 'BRAGA', 'Fechado'),
(22, 5, 'Caiuá', 'Centro de Detenção Provisória de Caiuá', 'CDCAI', 'Fechado'),
(23, 3, 'Campinas', 'Centro de Detenção Provisória de Campinas', 'CDPC', 'Fechado'),
(24, 3, 'Campinas', 'Penitenciária Feminina de Campinas', 'PFCAM', 'Fechado'),
(25, 3, 'Campinas', 'Centro de Progressão Penitenciária , de Campinas', 'PCAM', 'Fechado'),
(26, 3, 'Casa Branca', 'Penitenciária  de Casa Branca + Ala de Progressão', 'PCB', 'Semi-Aberto'),
(27, 1, 'Diadema', 'Centro de Detenção Provisória de Diadema', 'CDDIA', 'Fechado'),
(28, 5, 'Dracena', 'Penitenciária Compacta de Dracena', 'PEDRA', 'Fechado'),
(29, 1, 'Franco da Rocha', 'Centro de Detenção Provisória de Franco da Rocha', 'CDPFR', 'Fechado'),
(30, 1, 'Franco da Rocha', 'Centro de Progressão Penintendária de Franco da Rocha', 'PFR', 'Fechado'),
(31, 1, 'Franco da Rocha', 'Penitenciária de Franco da Rocha I + Ala de Progressão', 'FRI', 'Semi-Aberto'),
(32, 1, 'Franco da Rocha', 'Penitenciária  de Franco da Rocha II', 'RCHII', 'Fechado'),
(33, 1, 'Franco da Rocha', 'Penitenciária de Franco da Rocha III', 'FRIII', 'Fechado'),
(34, 6, 'Franco da Rocha', 'Hosp. de Custódia e Tratamento Psiquiátricode Franco da Rocha I - Desintemação (Progressiva de Franco da Rocha)', 'HCTP', 'Fechado'),
(35, 6, 'Franco da Rocha', 'Hosp. de Custódia e Tratamento Psiquiátrico de Franco da Rocha II', 'HCFR', 'Fechado'),
(36, 5, 'Flórida Paulista', 'Penitenciária Compacta de Flórida Paulista', 'PFLP', 'Fechado'),
(37, 4, 'Getulina', 'Penitenciária  de Getulina', 'PGET', 'Fechado'),
(38, 3, 'Guarei', 'Penitenciária I de Guareí', 'PGUEI', 'Fechado'),
(39, 3, 'Guareí', 'Penitenciária II de Guareí', 'PEGII', 'Fechado'),
(40, 1, 'Guarulhos', 'Centro de Detenção Provisória de Guarulhos I', 'CDPGI', 'Fechado'),
(41, 1, 'Guarulhos', 'Centro de Detenção Provisória de Guarulhos II', 'CPGII', 'Fechado'),
(42, 1, 'Guarulhos', 'Penitenciária  de Guarulhos I + Anexo Penitenciário', 'PG', 'Semi-Aberto'),
(43, 1, 'Guarulhos', 'Presídio Guarulhos II', 'GUAII', 'Fechado'),
(44, 3, 'Hortolândia', 'Centro de Detenção Provisória Hortolândia', 'CDPHO', 'Fechado'),
(45, 3, 'Hortolãndia', 'Penitenciária de Hortolândia I', 'PHI', 'Fechado'),
(46, 3, 'Hortolãndia', 'Penitenciária  de Hortolândia II + Ala de Progressão', 'HRTII', 'Semi-Aberto'),
(47, 3, 'Hortolãndia', 'Penitenciária de Hortolândia III', 'HTIII', 'Fechado'),
(48, 4, 'Iaras', 'Penitenciária  de Iaras +Ala de Progressão', 'IARAS', 'Semi-Aberto'),
(49, 3, 'Iperó', 'Penitenciária de Iperó + Ala de Progressão', 'IPERO', 'Semi-Aberto'),
(50, 5, 'Irapuru', 'Penitenciária de Irapuru', 'PEURU', 'Fechado'),
(51, 4, 'Itai', 'Penitenciária  de Itai + Ala de Progressão', 'ITAI', 'Semi-Aberto'),
(52, 1, 'Itapecerica da Serra', 'Centro de Detenção Provisória de Itapecerica da Serra', 'CDISE', 'Fechado'),
(53, 3, 'Itapetininga', 'Centro de Ressocialização de Itapetininga', 'CRITA', 'Fechado'),
(54, 3, 'ItapetiningaI', 'Penitenciária de Itapetininga I', 'PITPI', 'Fechado'),
(55, 3, 'ItapetiningaI', 'Penitenciária de Itapetininga II', 'ITPII', 'Fechado'),
(56, 3, 'Itirapina', 'Penitenciária de Itirapina I + Anexo Penitenciário', 'R', 'Semi-Aberto'),
(57, 3, 'Itirapina', 'Penitenciária de Itirapina II + Ala de Progressão', 'ITIR', 'Fechado'),
(58, 4, 'Jaú', 'Centro de Ressocialização de Jaú', 'CRJAU', 'Fechado'),
(59, 5, 'Junqueirópolis', 'Penitenciária de Junqueirópolis', 'PJUNQ', 'Fechado'),
(60, 5, 'Lavínia', 'Penitenciária Compacta de Lavínia I', 'PLAV', 'Fechado'),
(61, 5, 'Lavlnia', 'Penitenciária Compacta de Lavinia II', 'LAVII', 'Fechado'),
(62, 5, 'Lavinia', 'Penitenciária Compacta de Lavinia III', 'PLIII', 'Fechado'),
(63, 3, 'limeira', 'Centro de Ressocialização de Limeira', 'CRLIM', 'Fechado'),
(64, 4, 'Lins', 'Centro de Ressocialização', 'LINS', 'Fechado'),
(65, 5, 'Lucélia', 'Penitenciária de Lucélia', 'PLUC', 'Fechado'),
(66, 5, 'Marabá Paulista', 'Penitenciária Compacta de Marabá Paulista', 'PMAPA', 'Fechado'),
(67, 4, 'Marilia', 'Centro de Ressocialização de Marilia', 'CREMA', 'Fechado'),
(68, 4, 'Marilia', 'Penitenciária de Marilia', 'PMAR', 'Fechado'),
(69, 5, 'Martinópolis', 'Penitenciária de Martinópolis', 'MARTI', 'Fechado'),
(70, 1, 'Mauá', 'Centro de Detenção Provisória de Mauá', 'CDPMA', 'Fechado'),
(71, 5, 'Mirandópolis', 'Penitenciária  de Mirandópolis I + Anexo Penitenciário', 'PIMIR', 'Semi-Aberto'),
(72, 5, 'Mirandópolis', 'Penitenciária de Mirandópolis II', 'MIRII', 'Fechado'),
(73, 3, 'Mococa', 'Centro de Ressocialização de Mococa', 'CRMOC', 'Fechado'),
(74, 2, 'Mogi das Cruzes', 'Centro de Detenção Provisória Mogi das Cruzes', 'CDPMC', 'Fechado'),
(75, 3, 'Mogi Mirim', 'Centro de Ressocialização de Mogi Mirim', 'CRMGM', 'Fechado'),
(76, 2, 'Mongaguá', 'Centro de Progressão Penitenciária de Mongaguá', 'PM', 'Fechado'),
(77, 1, 'Osasco', 'Centro de Detenção Provisória de Osasco I', 'CDPI', 'Fechado'),
(78, 1, 'Osasco', 'Centro de Detenção Provisória de Osasco II', 'CDPO', 'Fechado'),
(79, 4, 'Ourinhos', 'Centro de Ressocialização de Ourinhos', 'CROUR', 'Fechado'),
(80, 5, 'Osvaldo Cruz', 'Penitenciária de Osvaldo Cruz', 'PEOCR', 'Fechado'),
(81, 5, 'Pacaembu', 'Centro de Progressão Penitenciária de Pacaembu', 'CPPCA', 'Fechado'),
(82, 5, 'Pacaembu', 'Penitenciária de Pacaembu', 'PPAC', 'Fechado'),
(83, 5, 'Paraguaçu Paulista', 'Penitenciária Compacta de Paraguaçu Paulista', 'PPALA', 'Fechado'),
(84, 3, 'Piracicaba', 'Centro de Detenção Provisória de Piracicaba + Ala de Progressão', 'CDPIR', 'Fechado'),
(85, 3, 'Piracicaba', 'Centro de Ressocialização  de Piracicaba', 'CRPBA', 'Fechado'),
(86, 4, 'Pirajui I', 'Penitenciária  de Pirajuí I', 'PP', 'Fechado'),
(87, 4, 'Pirajui II', 'Penitenciária  de Pirajuí II + Ala de Progressão', 'PRJII', 'Fechado'),
(88, 2, 'Potim I', 'Penitenciária Compacta de Potim I', 'POTIM', 'Fechado'),
(89, 2, 'Potim II', 'Penitenciária Compacta de Potim II', 'PPOII', 'Fechado'),
(90, 5, 'Pradnha', 'Penitenciária Compacta de Pracinha', 'PPRAC', 'Fechado'),
(91, 2, 'Praia Grande', 'Centro de Detenção Provisória de Praia Grande', 'CDPPG', 'Fechado'),
(92, 5, 'Pres. Bemardes', 'Centro de Readaptação Penitenciária de Presidente Bemardes', 'CRPPB', 'Fechado'),
(93, 5, 'Pres. Bemardes', 'Penitenciária de Presidente Bemardes', 'PPB', 'Fechado'),
(94, 5, 'Pres. Prudente', 'Centro de Ressocialização de Pres. Prudente', 'CRPPR', 'Fechado'),
(95, 5, 'Pres. Prudente', 'Penitenciária de Presidente Prudente', 'PRUD', 'Fechado'),
(96, 5, 'Pres. Vencesiau', 'Penitenciária  de Presidente Vencesiau', 'PPWI', 'Fechado'),
(97, 5, 'Pres. Vencesiau', 'Penitenciária  de Presidente Vencesiau II', 'WENII', 'Fechado'),
(98, 4, 'Reginópolis', 'Penitenciária I de Reginópolis', 'PREGI', 'Fechado'),
(99, 4, 'Reginópolis', 'Penitenciária II de Reginópolis', 'PERU', 'Fechado'),
(100, 4, 'Ribeirão Preto', 'Centro de Detenção Provisória de Ribeirão Preto', 'COPR', 'Fechado'),
(101, 4, 'Ribeirão Preto', 'Penitenciária de Ribeirão Preto', 'PRP', 'Fechado'),
(102, 4, 'Ribeirão Preto', 'Penitenciária Feminina de Ribeirão Preto', 'PFERP', 'Fechado'),
(103, 3, 'Rio Claro', 'Centro de Ressocialização Feminino de Rio Claro', 'CRRCL', 'Fechado'),
(104, 3, 'Rio Claro', 'Centro de Ressocialização Masculino de Rio Claro', 'CRMRC', 'Fechado'),
(105, 5, 'Riolândia', 'Penitenciária de Riolândia', 'PRIO', 'Fechado'),
(106, 1, 'Santo André', 'Centro de Detenção Provisória de Santo André', 'CDPA', 'Fechado'),
(107, 1, 'São Bernado dos Campo', 'Centro de Detenção Provisória de São Bernado do Campo', 'CDPSB', 'Fechado'),
(108, 5, 'São José do Rio Preto', 'Instituto Penal Agrícola  de S.J.do Rio Preto', 'SJRP', 'Fechado'),
(109, 5, 'São José do Rio Preto', 'Centro de Detenção Provisória de São José do Rio Preto', 'CDRIO', 'Fechado'),
(110, 5, 'São José do Rio Preto', 'Centro de Ressocialização Feminino de São José do Rio Preto', 'CRFRP', 'Fechado'),
(111, 2, 'São José dos Campos', 'Centro de Ressocialização Feminino de São José dos Campos', 'CRFSJ', 'Fechado'),
(112, 2, 'São José dos Campos', 'Centro de Detenção Provisória de São José dos Campos', 'CDPSJ', 'Fechado'),
(113, 1, 'São Paulo', 'Centro de Detenção Provisória  de Parelheiros', 'CDPPL', 'Fechado'),
(114, 1, 'São Paulo', 'Centro de Detenção Provisória de Pinheiros I', 'CDPNS', 'Fechado'),
(115, 1, 'São Paulo', 'Centro de Detenção Provisória de Pinheiros II', 'PINII', 'Fechado'),
(116, 1, 'São Paulo', 'Centro de Detenção Provisória de Vila Independência', 'CDVI', 'Fechado'),
(117, 6, 'São Paulo', 'Centro Hospitalar do Sistema Penitenciário', 'CHSP', 'Fechado'),
(118, 1, 'São Paulo', 'Centro de Proqressão Penitenciário de São Miguel Paulista', 'CPPSM', 'Fechado'),
(119, 1, 'São Paulo', 'Penitenciária Feminina do Butantan +Anexo Penitenciário', 'FEBUT', 'Fechado'),
(120, 6, 'São Paulo', 'Centro de Atendimento Hospitalar a Mulher Presa', 'CAHMP', 'Fechado'),
(121, 1, 'São Paulo', 'Penitenciária Feminina da Capital', 'PFC', 'Fechado'),
(122, 1, 'São Paulo', 'Penitenciária Feminina do Tatuapé', 'TATU', 'Fechado'),
(123, 1, 'São Paulo', 'Centro de Detenção Provisória da Capital - Chácara Belém 1 + Ala de Progressão', 'CDPB', 'Fechado'),
(124, 1, 'São Paulo', 'Centro de Detenção Provisória da Capital - Chácara Belém II + Ala de Progressão', 'BUI', 'Fechado'),
(125, 1, 'São Paulo', 'Penitenciária Feminina de SantAna', 'PFSAN', 'Fechado'),
(126, 2, 'São Vicente', 'Centro de Detenção Provisória de São Vicente', 'CDPSV', 'Fechado'),
(127, 2, 'São Vicente', 'Penitenciária  de São Vicente I', 'PSVIC', 'Fechado'),
(128, 2, 'São Vicente', 'Penitenciária II de São Vicente', 'PIISV', 'Fechado'),
(129, 4, 'Serra Azul', 'Penitenciária Compacta de Serra Azul I', 'PSAZ', 'Fechado'),
(130, 4, 'Serra Azul', 'Penitenciária Compacta de Serra Azul II', 'PSAII', 'Fechado'),
(131, 3, 'Sorocaba', 'Centro de Detenção Provisória de Sorocaba', 'COPS', 'Fechado'),
(132, 3, 'Sorocaba', 'Penitenciária Sorocaba I', 'PSORO', 'Fechado'),
(133, 3, 'Sorocaba', 'Penitenciária  de Sorocaba II', 'SORII', 'Fechado'),
(134, 3, 'Sumaré', 'Centro de Ressocialização de Sumaré', 'CRSU', 'Fechado'),
(135, 2, 'Suzano', 'Centro de Detenção Provisória de Suzano', 'CDPSZ', 'Fechado'),
(136, 6, 'Taubaté', 'Hospital de Custódia e Tratamento Psiquiátrico de Taubaté', 'CCTT', 'Fechado'),
(137, 2, 'Taubaté', 'Centro de Detenção Provisória  de Taubaté', 'CDPTB', 'Fechado'),
(138, 2, 'Tremembé', 'Centro de Progressão Penitenciária de Tremembé', 'PEMAN', 'Fechado'),
(139, 2, 'Tremembé', 'Penitenciária Feminina de Tremembé', 'PFT', 'Fechado'),
(140, 2, 'Tremembé', 'Penitenciária  de Tremembé I', 'PTR', 'Fechado'),
(141, 2, 'Tremembé', 'Penitenciária de Tremembé II', 'JACS', 'Fechado'),
(142, 5, 'Tupi Paulista', 'Penitenciária Compacta de Tupi Paulista', 'PTUPI', 'Fechado'),
(143, 5, 'Valparaiso', 'Centro de Progressão Penitenciária de Valparaiso', 'CPPVP', 'Fechado'),
(144, 5, 'Valparaiso', 'Penitenciária de Valparaiso', 'PVALP', 'Fechado'),
(145, 2, 'Taubaté', 'Centro de Readaptação Penitenciário de Taubaté', 'CRP', 'Fechado'),
(146, 4, 'Araraquara', 'Anexo de Detenção Provisória de Araraquara', 'ANEPA', 'Fechado'),
(147,7,'Inexistente', 'Fora da Secretaria de Administração Penitenciária','FSAP','Inexistente'); 


INSERT INTO `funcionario` (`id`, `registro_ativo`, `data_cadastro`, `data_nascimento`, `nome`, `rg`, `senha`, `tipo`, `usuario`, `presidio_id`) VALUES
(1, 1, '2021-05-25', '1958-03-12', 'ADEMAR GOMES FERREIRA', '11.552.922', '123', 'Usuário', 'funcionário1', 96),
(2, 1, '2021-05-25', '1967-02-12', 'ADEMIR RAYSARO', '17.605.762', '123', 'Usuário', 'funcionário2', 96),
(3, 1, '2021-05-25', '1961-05-03', 'ANTONIO AUGUSTO DA SILVA', '13.041.431', '123', 'Usuário', 'funcionário3', 96),
(4, 1, '2021-05-25', '1982-04-12', 'ADRIANO DE PAULA ALVES', '34.296.349-1', '123', 'Usuário', 'funcionário4', 96),
(5, 1, '2021-05-25', '1953-03-08', 'APARECIDO ITAMIR RAMOS', '13.976.234-6', '123', 'Usuário', 'funcionário5', 96),
(6, 1, '2021-05-25', '1955-09-02', 'APARECIDO PARDINI', '9.674.343', '123', 'Usuário', 'funcionário6', 96),
(7, 1, '2021-05-25', '1972-03-27', 'AGNALDO ZANONI', '23.024.324-1', '123', 'Usuário', 'funcionário7', 96),
(8, 1, '2021-05-25', '1966-07-31', 'AGNALDO APARECIDO BRAGA', '15.194.298', '123', 'Usuário', 'funcionário8', 96),
(9, 1, '2021-05-25', '1959-11-16', 'AGNALDO WILSON DE SOUZA CRUZ', '8.481.875-X', '123', 'Usuário', 'funcionário9', 96),
(10, 1, '2021-05-25', '1980-10-28', 'AILTON APARECIDO DA SILVA', '33.796.680-1', '123', 'Usuário', 'funcionário10', 96),
(11, 1, '2021-05-25', '1957-03-15', 'ALCIDES MARQUES FIGUEIRINHA', '9.321.999', '123', 'Usuário', 'funcionário11', 96),
(12, 1, '2021-05-25', '1968-04-24', 'AILTON GOMES JARDIM', '19.329.831', '123', 'Usuário', 'funcionário12', 96),
(13, 1, '2021-05-25', '1950-07-30', 'ANTONIO ALVES DE LIMA', '5.700.300', '123', 'Usuário', 'funcionário13', 96),
(14, 1, '2021-05-25', '1953-07-03', 'ANTONIO DE FATIMA DE OLIVEIRA', '10.174.273', '123', 'Usuário', 'funcionário14', 96),
(15, 1, '2021-05-25', '1960-01-17', 'AILTON BERNARDINO SILVA', '10.174.205', '123', 'Usuário', 'funcionário15', 96),
(16, 1, '2021-05-25', '1977-03-22', 'ADELSON APARECIDO RODRIGUES', '27.179.436-7', '123', 'Usuário', 'funcionário16', 96),
(17, 1, '2021-05-25', '1965-12-22', 'ANTONIO PEREIRA DOS SANTOS', '19.523.168', '123', 'Usuário', 'funcionário17', 96),
(18, 1, '2021-05-25', '1949-09-26', 'ALCIDES SOUZA DO NASCIMENTO', '5.976.169', '123', 'Usuário', 'funcionário18', 96),
(19, 1, '2021-05-25', '1970-07-28', 'ANTONIO SERGIO PACANHELLA', '19.631.726', '123', 'Usuário', 'funcionário19', 96),
(20, 1, '2021-05-25', '1975-08-08', 'ANTONIO OLAVO DOS SANTOS', '27.008.950-0', '123', 'Usuário', 'funcionário20', 96),
(21, 1, '2021-05-25', '1947-01-07', 'ALCEU GARCIA TUNES', '7.522.297', '123', 'Usuário', 'funcionário21', 96),
(22, 1, '2021-05-25', '1956-11-27', 'ARMINDO SOUZA NASCIMENTO', '9.674.927-1', '123', 'Usuário', 'funcionário22', 96),
(23, 1, '2021-05-25', '1968-08-02', 'ADEMAR FERRAZ DE OLIVEIRA', '17.683.427-8', '123', 'Usuário', 'funcionário23', 96),
(24, 1, '2021-05-25', '1976-07-08', 'ADRIANA ALKMIN PEREIRA DOMINGUES', '26.810.130-9', '123', 'Usuário', 'funcionário24', 96),
(25, 1, '2021-05-25', '1966-11-05', 'AMAURY PEREIRA DOS SANTOS', '19.920.050', '123', 'Usuário', 'funcionário25', 96),
(26, 1, '2021-05-25', '1970-07-29', 'ADMILSON ALMEIDA PEREIRA SILVA', '18.051.604-8', '123', 'Usuário', 'funcionário26', 96),
(27, 1, '2021-05-25', '1979-10-29', 'AMARO UMBELINO DE BARROS JUNIOR', '32.504.264-0', '123', 'Usuário', 'funcionário27', 96),
(28, 1, '2021-05-25', '1983-11-15', 'ADRIANO LOPES', '32.856.322-5', '123', 'Usuário', 'funcionário28', 96),
(29, 1, '2021-05-25', '1971-09-22', 'ANTONIO CARLOS DA SILVA', '22.358.454-X', '123', 'Usuário', 'funcionário29', 96),
(30, 1, '2021-05-25', '1958-06-10', 'CAETANO PEREIRA BIANCAMANO', '10.374.091-0', '123', 'Usuário', 'funcionário30', 96),
(31, 1, '2021-05-25', '1969-03-21', 'ADALTO DE FACCIO', '20.799.533-3', '123', 'Usuário', 'funcionário31', 96),
(32, 1, '2021-05-25', '1959-11-30', 'ADAUTO PEREIRA', '10.174.598', '123', 'Usuário', 'funcionário32', 96),
(33, 1, '2021-05-25', '1973-07-26', 'ALDENIL ALVARO LEITE', '21.797.188', '123', 'Usuário', 'funcionário33', 96),
(35, 1, '2021-05-25', '1958-01-05', 'ANTONIO TAVARES DE ABREU', '12.518.079', '123', 'Usuário', 'funcionário35', 96),
(37, 1, '2021-05-25', '1946-08-21', 'ARNALDO ROGERIO DA LUZ', '5.846.333', '123', 'Usuário', 'funcionário37', 96),
(38, 1, '2021-05-25', '1980-12-02', 'ANDERSON PAULO TEIXEIRA DE SOUZA', '34.023.269-9', '123', 'Usuário', 'funcionário38', 96),
(39, 1, '2021-05-25', '1965-06-01', 'ARMANDO PRATES', '16.852.583', '123', 'Usuário', 'funcionário39', 96),
(40, 1, '2021-05-25', '1954-09-23', 'ANTONIO OLIVEIRA CORREIA', '7.769.814', '123', 'Usuário', 'funcionário40', 96),
(41, 1, '2021-05-25', '1955-09-01', 'APARECIDO CARDOSO DA SILVA', '9.321.831', '123', 'Usuário', 'funcionário41', 96),
(42, 1, '2021-05-25', '1960-05-15', 'APARECIDO GOMES FERREIRA', '7.820.973', '123', 'Usuário', 'funcionário42', 96),
(43, 1, '2021-05-25', '1957-08-07', 'APARECIDO DOS ANJOS GARCIA', '10.374.500', '123', 'Usuário', 'funcionário43', 96),
(44, 1, '2021-05-25', '1951-09-25', 'ARLINDO LELIS DE SOUZA', '6.870.101', '123', 'Usuário', 'funcionário44', 96),
(45, 1, '2021-05-25', '1965-09-24', 'ANTONIO TAVARES DE AVELINO', '19.523.602', '123', 'Usuário', 'funcionário45', 96),
(46, 1, '2021-05-25', '1957-09-09', 'CARLOS DONIZETTI DA SILVA', '11.204.851', '123', 'Usuário', 'funcionário46', 96),
(47, 1, '2021-05-25', '1970-06-24', 'AMAURI AMADO', '20.150.719-5', '123', 'Usuário', 'funcionário47', 96),
(48, 1, '2021-05-25', '1972-05-27', 'CLAUDINEI SOARES DE OLIVEIRA', '23.990.133-2', '123', 'Usuário', 'funcionário48', 96),
(49, 1, '2021-05-25', '1973-06-15', 'CARLOS ALBERTO ROSÁRIO DA COSTA', '23.023.957-2', '123', 'Usuário', 'funcionário49', 96),
(50, 1, '2021-05-25', '1972-12-16', 'CIÇARO AMORIM DIAS', '22.355.976', '123', 'Usuário', 'funcionário50', 96),
(51, 1, '2021-05-25', '1976-06-12', 'ALEXANDRE DE MENEZES GOMES', '27.009.370-9', '123', 'Usuário', 'funcionário51', 96),
(52, 1, '2021-05-25', '1970-04-15', 'AUREO CESAR GARCIA DA SILVA', '21.855.267', '123', 'Usuário', 'funcionário52', 96),
(53, 1, '2021-05-25', '1980-10-14', 'ANDRE ANELANDE MUCHIUTTI', '30.238.179-X', '123', 'Usuário', 'funcionário53', 96),
(54, 1, '2021-05-25', '1972-02-13', 'CESAR ROPERO CREMONEZI', '20.949.776', '123', 'Usuário', 'funcionário54', 96),
(55, 1, '2021-05-25', '1975-03-09', 'CLEBER ALEXANDRE SARTI', '25.409.243-3', '123', 'Usuário', 'funcionário55', 96),
(56, 1, '2021-05-25', '1974-02-28', 'ANDERSON CARLOS RODRIGUES', '26.531.952-3', '123', 'Usuário', 'funcionário56', 96),
(58, 1, '2021-05-25', '1957-05-18', 'CICERO CIPRIANO DA SILVA', '11.204.522-4', '123', 'Usuário', 'funcionário58', 96),
(59, 1, '2021-05-25', '1947-08-23', 'BENEDITO JOSE RODRIGUES', '8.260.302', '123', 'Usuário', 'funcionário59', 96),
(60, 1, '2021-05-25', '1986-12-27', 'BRUNO HENRIQUE BERNARDES DO NASCIMENTO', '40.117.383-5', '123', 'Usuário', 'funcionário60', 96),
(61, 1, '2021-05-25', '1972-04-01', 'BERNARDINO MENDES DE LIMA', '22.355.714', '123', 'Usuário', 'funcionário61', 96),
(62, 1, '2021-05-25', '1953-02-08', 'CARLOS AUGUSTO ELIAS BOMFIM', '5.392.923', '123', 'Usuário', 'funcionário62', 96),
(63, 1, '2021-05-25', '1958-01-07', 'AMILCAR APARECIDO SANCHEZ SILVA', '11.942.348', '123', 'Usuário', 'funcionário63', 96),
(64, 1, '2021-05-25', '1966-04-22', 'CARLOS APARECIDO FERNANDES', '17.736.882', '123', 'Usuário', 'funcionário64', 96),
(65, 1, '2021-05-25', '1961-02-12', 'CARLOS ROBERTO THURMANN', '11.409.371', '123', 'Usuário', 'funcionário65', 96),
(66, 1, '2021-05-25', '1977-07-29', 'CARLOS ROGERIO AGNELI', '27.987.211-2', '123', 'Usuário', 'funcionário66', 96),
(67, 1, '2021-05-25', '1973-01-04', 'CARLOS AUGUSTO FRANCISCHETTI', '22.765.760-3', '123', 'Usuário', 'funcionário67', 96),
(68, 1, '2021-05-25', '1964-05-07', 'CARLOS ALBERTO DA CONCEICAO', '10.569.961', '123', 'Usuário', 'funcionário68', 96),
(69, 1, '2021-05-25', '1959-01-10', 'CARLOS UMBERTO DOS SANTOS', '12.523.224', '123', 'Usuário', 'funcionário69', 96),
(70, 1, '2021-05-25', '1977-08-10', 'CELIO VALERIO NASCIMENTO', '29.083.179-9', '123', 'Usuário', 'funcionário70', 96),
(72, 1, '2021-05-25', '1971-11-27', 'CARLOS ALBERTO FERREIRA LIMA', '23.651.052', '123', 'Usuário', 'funcionário72', 96),
(73, 1, '2021-05-25', '1967-11-15', 'CLOVIS WANDERLEI DE JESUS', '19.330.098', '123', 'Usuário', 'funcionário73', 96),
(75, 1, '2021-05-25', '1966-11-03', 'CICERO DA SILVA', '18.052.999', '123', 'Usuário', 'funcionário75', 96),
(76, 1, '2021-05-25', '1967-07-16', 'CLAUDINEI DOS SANTOS', '16.197.207', '123', 'Usuário', 'funcionário76', 96),
(77, 1, '2021-05-25', '1963-02-14', 'CARLOS ROBERTO CANATA BECKER', '15.195.945', '123', 'Usuário', 'funcionário77', 96),
(78, 1, '2021-05-25', '1973-10-07', 'CRISTIANO RODRIGUES BERTOLDI', '24.646.034-9', '123', 'Usuário', 'funcionário78', 96),
(79, 1, '2021-05-25', '1952-05-15', 'CARLOS DE OLIVEIRA', '7.217.972', '123', 'Usuário', 'funcionário79', 96),
(80, 1, '2021-05-25', '1973-08-11', 'CLAUDIO SILVA COELHO', '23.800.863-0', '123', 'Usuário', 'funcionário80', 96),
(81, 1, '2021-05-25', '1970-09-17', 'CLOVIS JOSE GOMES', '20.376.599', '123', 'Usuário', 'funcionário81', 96),
(83, 1, '2021-05-25', '1949-09-13', 'CELSO LUIZ DOS SANTOS', '5.976.213', '123', 'Usuário', 'funcionário83', 96),
(84, 1, '2021-05-25', '1956-07-22', 'DENY DE ARAUJO', '7.193.011-5', '123', 'Usuário', 'funcionário84', 96),
(85, 1, '2021-05-25', '1955-10-06', 'CARLOS ROBERTO ELIZEU DE SOUZA', '11095742-8', '123', 'Usuário', 'funcionário85', 96),
(86, 1, '2021-05-25', '1969-07-18', 'DANIEL SILVA DE OLIVEIRA', '19.918.884', '123', 'Usuário', 'funcionário86', 96),
(87, 1, '2021-05-25', '1963-01-01', 'DENIZE CHAVES ARFELLI', '15.579.757', '123', 'Usuário', 'funcionário87', 96),
(88, 1, '2021-05-25', '1961-05-29', 'ERINALDO CANUTO DE ARAUJO', '15.733.184-2', '123', 'Usuário', 'funcionário88', 96),
(89, 1, '2021-05-25', '1962-02-16', 'ERNESTO BARUTA FILHO', '11.409.523', '123', 'Usuário', 'funcionário89', 96),
(90, 1, '2021-05-25', '1975-11-13', 'DENIS FERNANDO DA ROCHA', '27.178.789-2', '123', 'Usuário', 'funcionário90', 96),
(91, 1, '2021-05-25', '1965-05-17', 'DENISE YUKIKO TOMOKANE', '12.393.577-5', '123', 'Usuário', 'funcionário91', 96),
(93, 1, '2021-05-25', '1968-07-10', 'EDSON ROCHA RIBEIRO', '19.329.879', '123', 'Usuário', 'funcionário93', 96),
(94, 1, '2021-05-25', '1979-06-10', 'DANILO ROBERTO DE SOUZA GARCIA', '27.913.795-3', '123', 'Usuário', 'funcionário94', 96),
(95, 1, '2021-05-25', '1971-07-30', 'EDILSON ROBERTO VERÍSSIMO CORREIA', '22.355.736', '123', 'Usuário', 'funcionário95', 96),
(96, 1, '2021-05-25', '1963-11-22', 'EDIVALDO DA SILVA ALMEIDA', '15.552.573', '123', 'Usuário', 'funcionário96', 96),
(97, 1, '2021-05-25', '1962-11-21', 'EDSON ALTAMIRO RAMOS PEREIRA', '11.410.874', '123', 'Usuário', 'funcionário97', 96),
(98, 1, '2021-05-25', '1969-03-18', 'ERALDO OLIVEIRA DE JESUS', '20.376.503', '123', 'Usuário', 'funcionário98', 96);


INSERT INTO `sentenciado` (`id`, `aliases`, `registro_ativo`, `data_cadastro`, `data_nascimento`, `matricula`, `nome`, `quantida_observacao`, `quantida_sindicancia`, `rg`, `faccao_id`) VALUES
(1, 'louso', 0, '2021-06-09', '2021-06-07', '111.111-1', 'MARIO BALBOA', 5, 8, '23.024.167-1', 5),
(2, 'Honi', 0, '2020-02-05', '1973-09-03', '936.726-9', 'DEIVID FERREIRA DOS SANTOS', 1, 4, '24.877.991-6', 1),
(3, 'Brother', 0, '2019-12-19', '1960-10-09', '358.544-5', 'FABIANO RODRIGO GOMES DE FRANCA', 1, 4, '11.194.863-0', 1),
(4, 'Migo', 0, '2019-10-01', '1954-08-30', '1065.693-2', 'LUCAS YURI MOREIRA DE SOUZA', 1, 4, '73763548', 1),
(5, 'Campeão', 0, '2019-12-20', '1972-12-27', '655.103-0', 'RENATO CARVALHO AZEVEDO', 1, 3, '21874002', 2),
(6, 'Bubba', 1, '2013-04-26', '1968-05-28', '447.532-3', 'CRISTIANO APARECIDO DA SILVA', 1, 3, '36.904.501-4', 2),
(7, 'Bro', 1, '2018-08-30', '1969-12-05', '794.651-0', 'HENRIQUE MARCIEL PINHEIRO', 0, 4, '19.483.297-1', 2),
(8, 'Dude', 0, '2017-08-16', '1977-04-13', '1075.815-9', 'ANDRE LUIZ DOURADO GRION', 1, 4, '27.713.831-0', 3),
(9, 'Cowboy', 1, '2012-07-06', '1966-08-08', '725.745-4', 'JOSE LUIZ THEODORO DE OLIVEIRA', 0, 3, '19422221', 4),
(10, 'Coco', 0, '2013-01-18', '1975-09-03', '343.019-6', 'JOSE LUIZ DE LIMA', 1, 4, '27.176.262-7', 5),
(11, 'Mermão', 1, '2013-06-20', '1966-11-21', '813.667-3', 'ARTHUR PEREIRA ROCHA', 1, 3, '20.363.103-1', 6),
(12, 'Cumpadre', 1, '2013-12-30', '1973-01-01', '060.423-1', 'JOSE LUIZ DA SILVA', 0, 3, '19.431.752-3', 7),
(13, 'Amigão', 0, '2014-04-25', '1957-01-28', '856.416-3', 'ROGERIO GOMES DA ROCHA', 0, 3, '84623354', 8),
(14, 'Queridão', 0, '2014-08-15', '1966-01-03', '420.155-4', 'ELTON MENDES RIBEIRO', 0, 3, '16.258.996-7', 1),
(15, 'Super Mario', 1, '2014-10-03', '1969-01-13', '891.282-6', 'JOSE CARLOS COUTINHO DE LIMA', 0, 3, '24.197.962-6', 1),
(16, 'Buddy', 1, '2014-12-19', '1963-06-16', '536.772-7', 'DEUSDETE PEREIRA DA SILVA', 0, 3, '13953063', 1),
(17, 'Camarada', 1, '2015-04-10', '1976-11-20', '816.380-0', 'VALTER LINARES', 0, 3, '25.199.582-3', 2),
(18, 'Mestre', 1, '2015-04-27', '1972-05-02', '370.475-6', 'JOSE ROBERTO BALDUINO', 0, 4, '24.306.644-2', 2),
(19, 'Boss', 1, '2015-05-08', '1961-08-19', '652.774-1', 'SILVANO AZEVEDO SOARES', 0, 3, '13515457', 2),
(20, 'Cereja', 1, '2016-01-29', '1974-01-27', '978.279-8', 'LUIZ ALVES DA SILVA', 0, 3, '23.650.134-3', 3),
(21, 'Pimentinha', 1, '2016-02-19', '1974-04-10', '949.824-7', 'EVAIR JUNIOR DE OLIVEIRA', 0, 3, '23.525.171-9', 4),
(22, 'Campeã', 1, '2016-03-04', '1976-11-07', '729.055-4', 'ALVARO DOS REIS JUNIOR', 0, 3, '27.592.738-6', 5),
(23, 'Sorella', 0, '2016-03-11', '1979-06-11', '980.396-6', 'LUCIANO CLAUDINO FERREIRA', 0, 3, '26.641.619-6', 6),
(24, 'Schwester', 1, '2016-06-17', '1969-11-27', '650.270-2', 'ROGERIO DA SILVA', 0, 3, '18.751.749-6', 7),
(25, 'Sis', 1, '2016-09-09', '1980-02-23', '1002.251-5', 'PEDRO DA SILVA PAVAO', 0, 3, '32.466.127-7', 8),
(26, 'Gêmea', 1, '2016-10-07', '1978-12-24', '1027.048-6', 'ELINALDO APARECIDO VELOSO', 0, 3, '30.908.189-0', 1),
(27, 'Best', 1, '2016-11-18', '1978-11-10', '563.425-8', 'PAULO ROBERTO PEREIRA', 0, 3, '28.252.855-6', 1),
(28, 'Miga', 1, '2016-11-22', '1954-02-25', '1038.663-9', 'LUIZ CARLOS DOS SANTOS', 0, 3, '60549774', 1),
(29, 'Ami', 0, '2017-01-06', '1977-08-27', '972.894-0', 'ADELINO LOPES VIEIRA', 0, 3, '27.197.503-9', 2),
(30, 'Sweetie', 0, '2017-01-06', '1974-11-03', '162.062-4', 'WALDIR DIAS', 0, 3, '24.574.742-4', 2),
(31, 'Babe', 1, '2017-01-06', '1975-03-21', '738.973-7', 'MARCELINO LIMA DO NASCIMENTO CAMPOS', 0, 3, '27.842.540-9', 2),
(32, 'Princesinha', 1, '2017-02-17', '1979-01-12', '1018.955-3', 'WELLINGTON MOURA FERREIRA', 0, 3, '27.443.490-8', 3),
(33, 'Docinho', 0, '2017-04-28', '1976-01-01', '673.001-4', 'EDNILSON JOSE DOS SANTOS', 0, 3, '25.589.745-5', 4),
(34, 'Lindinha', 0, '2017-05-26', '1978-10-08', '659.010-3', 'LUCIANO DA SILVA SANTOS', 0, 3, '30.906.747-9', 5),
(35, 'Abusada', 0, '2017-06-23', '1976-03-01', '932.559-8', 'DOUGLAS CLEITON LOPES DE ALBUQUERQUE', 0, 3, '26.250.403-0', 6),
(36, 'Meiguinha', 1, '2017-06-29', '1975-04-01', '284.473-6', 'LUIZ FERNANDO ANTUNES', 0, 3, '26.531.966-3', 7),
(37, 'Jaca', 0, '2017-06-29', '1966-08-26', '806.273-9', 'LUIZ RICARDO SILVA ZAMBRANO', 0, 3, '21.669.129-1', 8),
(38, 'zangado', 1, '2017-06-29', '1964-12-12', '1069.798-5', 'BRUNO EDUARDO MARTINS', 0, 3, '17.811.327-X', 1),
(39, 'boladão', 1, '2017-09-08', '1980-10-08', '1059.266-5', 'MOISES HUMBERTO DE ARAUJO', 0, 3, '32.295.749-7', 1),
(40, 'joquei', 0, '2017-09-21', '1979-01-07', '267.632-8', 'ARISTIDES JOVINO DOS SANTOS', 0, 3, '29.476.813-0', 1),
(41, 'louquinho', 0, '2017-10-02', '1976-01-11', '878.875-4', 'WESLEY RIBEIRO DA SILVA', 0, 3, '38.290.070-4', 2),
(42, 'lorena', 1, '2017-10-03', '1979-08-24', '561.730-3', 'DANIEL CUNHA DE AQUILES', 0, 3, '30.469.022-3', 2),
(43, 'canibal', 1, '2017-10-03', '1968-09-21', '1082.138-7', 'LAERCIO BONFIM', 0, 3, '21.481.971-1', 2),
(44, 'careca', 0, '2017-10-06', '1975-07-08', '090.740-2', 'DENILSON PEREIRA DE ABREU', 0, 3, '25.409.539-2', 3),
(45, 'cabeludo', 0, '2017-10-13', '1964-10-19', '964.522-7', 'WAGNER DE LIMA PESSOA', 0, 3, '12.474.649-4', 4),
(46, 'barba', 1, '2017-10-20', '1970-08-14', '143.902-5', 'ADEMIR DOS REIS FERREIRA', 0, 3, '19.330.633-5', 5),
(47, 'borba', 1, '2017-10-27', '1976-05-19', '802.953-0', 'JOSE ACIR DE OLIVEIRA', 0, 3, '27.593.708-2', 6),
(48, 'avião', 1, '2017-10-27', '1975-11-24', '966.943-3', 'DANILLO SABEL DOS SANTOS', 0, 3, '22.953.721-2', 7),
(49, 'mandioquinha', 1, '2017-11-30', '1975-11-19', '237.675-4', 'CRISTIANO PEREIRA DOS SANTOS', 0, 3, '27.010.478-1', 8),
(50, 'pita', 0, '2017-12-01', '1976-10-13', '247.800-6', 'CARLOS SILVA DE OLIVEIRA', 0, 3, '28.176.737-3', 1),
(51, 'baseado', 1, '2017-12-15', '1972-08-01', '1050.589-9', 'CELIO KIOSHI MIZOKAME KOIKE', 0, 3, '21.989.742-6', 1),
(52, 'chacal', 0, '2018-01-10', '1965-04-14', '884.084-5', 'ALEXSANDER MEIRELES PIMENTA', 0, 3, '18.092.511-8', 1),
(53, 'chaparral', 0, '2018-01-12', '1979-11-12', '923.021-0', 'LUIZ CARLOS MORETI', 0, 3, '34.024.453-7', 2),
(54, 'chapa', 0, '2018-01-12', '1981-01-19', '1094.051-8', 'LEONARDO DA SILVA SOUZA', 0, 3, '30.268.354-9', 2),
(55, 'lorena', 1, '2018-02-09', '1961-02-18', '1098.891-3', 'SIDNEI TEODORO DOS SANTOS', 0, 3, '14.224.412-0', 2),
(56, 'canibal', 1, '2018-02-15', '1976-11-22', '832.296-8', 'CLENIO RIBEIRO SILVA', 0, 3, '30.926.958-1', 3),
(57, 'careca', 0, '2018-03-08', '1974-04-23', '972.189-5', 'JIMES VIANA DOS SANTOS', 0, 3, '23.802.139-7', 4),
(58, 'cabeludo', 0, '2018-04-13', '1975-04-10', '1107.956-3', 'WELLINGTON CRISTIANO DE CARVALHO SARTI', 0, 3, '29.068.467-5', 5),
(59, 'barba', 0, '2018-04-13', '1969-06-26', '942.571-1', 'WILLIAN CLEBER SILVA SANTOS', 0, 3, '19.891.603-6', 6),
(60, 'borba', 0, '2018-04-20', '1962-04-19', '1085.598-9', 'OELCIO RUOCCO RODRIGUES', 0, 3, '11.515.863-7', 7),
(61, 'avião', 0, '2018-04-27', '1965-10-21', '964.519-3', 'CLAUDINO PEREIRA DOS SANTOS', 0, 3, '17.527.961-5', 8),
(62, 'mandioquinha', 1, '2018-04-27', '1963-11-24', '855.358-8', 'CLEBER ALVES', 0, 3, '16565587', 1),
(63, 'pita', 0, '2018-04-27', '1973-11-16', '1110.305-8', 'LEANDRO FERREIRA BUENO', 0, 3, '25.811.575-0', 1),
(64, 'baseado', 0, '2018-05-15', '1974-04-12', '1028.016-2', 'DIEGO DE SOUZA CAVALCANTE', 0, 3, '27.492.322-1', 1),
(65, 'chacal', 0, '2018-05-25', '1980-02-24', '924.429-4', 'CLAUDICIR DOMINGUES', 0, 3, '32.934.981-8', 2),
(66, 'chaparral', 1, '2018-06-01', '1971-04-26', '1089.715-5', 'ALEXANDRE ANTONIO ALIATTI', 0, 3, '20.339.127-5', 2),
(67, 'chapa', 0, '2018-06-08', '1968-01-21', '323.523-1', 'FABIO FERREIRA DA SILVA', 0, 3, '17.965.048-8', 2),
(68, 'Ami', 0, '2018-06-15', '1977-12-17', '444.897-3', 'CAIO FELIPE LAIN', 0, 3, '27.583.331-8', 3),
(69, 'Sweetie', 0, '2018-06-20', '1963-09-25', '585.095-3', 'FERNANDO BENEDITO MODESTO', 0, 3, '15902739', 4),
(70, 'Babe', 0, '2018-07-27', '1979-02-06', '147.076-4', 'EDSON DOS SANTOS FERREIRA', 0, 3, '29.049.087-X', 5),
(71, 'Princesinha', 0, '2018-08-20', '1963-10-06', '932.392-4', 'WEVERTON HENRIQUE DA SILVA RIBEIRO', 0, 3, '10.726.531-X', 6),
(72, 'Docinho', 0, '2018-08-30', '1972-10-11', '523.268-1', 'RAFAEL BRITO DE ANDRADE', 0, 3, '22.908.955-0', 7),
(73, 'Lindinha', 1, '2018-08-31', '1966-07-20', '926.098-5', 'MAIKY SANTANA DE OLIVEIRA', 0, 3, '17622560', 8),
(74, 'Abusada', 0, '2018-09-06', '1979-08-27', '1121.762-7', 'JAIME EVANGELISTA DOS SANTOS', 0, 3, '28.008.259-9', 1),
(75, 'Meiguinha', 0, '2018-09-17', '1972-09-23', '319.335-6', 'MARCIO JOSE MOREIRA DE MELO', 0, 3, '23.403.996-6', 1),
(76, 'Jaca', 0, '2018-09-24', '1954-11-28', '733.158-0', 'MICHAEL EMERSON SANTOS', 0, 3, '10.317.422-9', 1),
(77, 'zangado', 0, '2018-09-28', '1972-07-17', '140.464-9', 'ROGERIO LUCIO NASCIMENTO SOUZA', 0, 3, '25.234.229-X', 2),
(78, 'boladão', 0, '2018-10-01', '1962-04-25', '751.285-8', 'ANTONIO RAIMUNDO LIMA ORTEGAL', 0, 3, '13.364.418-2', 2),
(79, 'joquei', 0, '2018-10-01', '1979-09-08', '499.318-4', 'ANTONIO CARLOS VIEIRA JUNIOR', 0, 3, '30.791.185-8', 2),
(80, 'Ami', 0, '2018-10-12', '1967-07-01', '1094.052-6', 'DAVID AUGUSTO RABACCHIN', 0, 3, '17345269', 3),
(81, 'Sweetie', 0, '2018-10-23', '1980-08-20', '478.222-3', 'RICARDO DA CONCEICAO MENEZES', 0, 3, '29.932.690-1', 4),
(82, 'Babe', 0, '2018-10-26', '1968-02-18', '1134.647-5', 'MANOEL BASANULF CARPES GONCALVES', 0, 3, '16.683.418-X', 5),
(83, 'Princesinha', 0, '2018-11-02', '1975-10-17', '679.254-3', 'EVERTON OLIVEIRA BASTOS', 0, 3, '26.507.865-9', 6),
(84, 'Docinho', 1, '2018-12-14', '1970-04-25', '1119.664-9', 'ALDO CIRO DE OLIVEIRA', 0, 3, '23.062.982-9', 7),
(85, 'Lindinha', 1, '2018-12-14', '1970-01-10', '1141.464-6', 'JOAO VITOR ARAUJO DE LIMA', 0, 3, '24.790.333-4', 8),
(86, 'Abusada', 1, '2018-12-27', '1979-02-24', '200.080-0', 'REGINALDO PEREIRA', 1, 3, '28.826.863-5', 1),
(87, 'Meiguinha', 0, '2019-01-08', '1977-02-19', '344.146-6', 'WELINGTON CARLOS DE OLIVEIRA', 0, 3, '25.598.410-8', 1),
(88, 'Jaca', 1, '2019-01-14', '1966-11-27', '833.391-6', 'MARCELO ZANARDO DOS SANTOS', 0, 3, '15991895', 1),
(89, 'zangado', 0, '2019-01-16', '1972-10-22', '1122.816-0', 'FERNANDO AUGUSTO GOMES CARVALHEIRO', 0, 3, '27.022.302-2', 1),
(90, 'boladão', 0, '2019-01-18', '1977-03-01', '371.616-4', 'CLAUDECIR BIFFE BONFIM', 0, 3, '28.671.608-2', 1),
(91, 'joquei', 0, '2019-01-21', '1968-04-06', '367.095-7', 'CRISTIANO LOPES DA SILVA', 0, 3, '19.507.215-7', 1),
(92, 'bundão', 0, '2019-01-21', '1980-02-23', '782.886-6', 'JOSE PEDRO ANGELO', 0, 3, '27.724.237-X', 1),
(93, 'azulão', 0, '2019-01-21', '1976-09-11', '938.707-7', 'FABIANO MOREIRA DE ALMEIDA', 0, 3, '28.491.940-8', 1);


INSERT INTO `sindicancia` (`id`, `data_ocorrido`, `data_registro`, `relato`) VALUES
(1, '2021-07-04', '2021-07-19 14:43:31', 'Um grupo de sentenciados se recusaram a se apresentar na contagem.'),
(2, '2021-07-02', '2021-07-19 14:58:00', 'No dia 01 de julho o sentenciado Amarildo do arte da silva, matricula = 111.111-1, tentou se informar após saber que seu companheiro de cela iria ser removido, ao\nser perguntado o porque desta atitude o mesmo alegou que estava sendo\nameaçado pelos demais sentenciados.'),
(3, '2021-07-02', '2021-07-19 14:57:18', 'Os sentenciados 1075.815-9,060.423-1, 343.019-6, 358.544-5, 111.111-1 respectivamente ANDRÉLUIZ DOURADO GRION, JOSE LUIS DA SILVA, \nJOSE LUIZ DE LIMA, FABIANO RODRIGUES GOMES  DE FRANÇA e AMARILDO DO ARTE DA SILVA ameaçaram os funcionários e colocaram fogo na cela.'),
(7, '2021-07-04', '2021-07-19 14:46:17', 'Um grupo de sentenciados se recusaram a se apresentar na contagem.'),
(8, '2020-12-01', '2021-07-19 14:48:27', 'Foi encontrado Maria louca na cela dos sentenciados.'),
(9, '2021-07-13', '2021-07-19 14:50:40', 'Sentenciado ameaçou seu companheiro de cela com uma escova de dente devidamente preparada para perfurar.'),
(10, '2021-07-14', '2021-07-19 14:53:01', 'Sentenciado ameaçou de morte e agrediu sua visita (Amásia)  por ter dito a ele que  queria se separar. O mesmo não aceitou.'),
(12, '2021-07-14', '2021-07-19 14:55:36', 'Foi encontrado suposto entorpecente na cela do sentenciado.'),
(13, '2021-08-01', '2021-07-19 15:01:24', 'Os sentenciados foram flagrados agredindo o sentenciado 111.111-1 (Vitima), pois o mesmo estava assediando visitas.'),
(14, '2021-07-10', '2021-07-19 15:04:06', 'O sentenciado se negou a ser removido. Quando ficou sabendo para onde estava sendo removido.');


INSERT INTO `sindicancia_funcionario` (`funcionario_id`, `sindicancia_id`) VALUES
(1, 1), (1, 2),(1, 3),(1, 8),(1, 12),(2, 1),(2, 2),(2, 3),(2, 14),(3, 1),(3, 2),(3, 3),(4, 1),(4, 2),(4, 3),(4, 9),(5, 1),
(5, 2),(5, 3),(5, 10),(6, 1),(6, 2),(6, 3),(6, 14),(7, 1),(7, 2),(7, 3),(7, 9),(8, 1),(8, 2),(8, 3),(8, 10),(9, 1),(9, 2),
(9, 3),(9, 13),(10, 1),(10, 2),(10, 3),(11, 1),(11, 2),(11, 3),(12, 1),(12, 2),(12, 3),(13, 1),(13, 2),(13, 3),(13, 8),
(14, 1),(14, 2),(14, 3),(15, 1),(15, 2),(15, 3),(16, 1),(16, 2),(16, 3),(17, 1),(17, 2),(17, 3),(18, 1),(18, 2),(18, 3),
(19, 1),(19, 2),(19, 3),(20, 1),(20, 2),(20, 3),(21, 1),(21, 2),(21, 3),(22, 1),(22, 2),(22, 3),(23, 1),(23, 2),(23, 3),
(24, 1),(24, 2),(24, 3),(25, 1),(25, 2),(25, 3),(26, 1),(26, 2),(26, 3),(27, 1),(27, 2),(27, 3),(28, 1),(28, 2),(28, 3),
(29, 1),(29, 2),(29, 3),(30, 1),(30, 2),(30, 3),(30, 7),(31, 1),(31, 2),(31, 3),(32, 1),(32, 2),(32, 3),(32, 7),(33, 1),
(33, 2),(33, 3),(33, 13),(35, 1),(35, 2),(35, 3),(37, 1),(37, 2),(37, 3),(38, 1),(38, 2),(38, 3),(39, 1),(39, 2),(39, 3),
(40, 1),(40, 2),(40, 3),(41, 1),(41, 2),(41, 3),(42, 1),(42, 2),(42, 3),(43, 1),(43, 2),(43, 3),(44, 1),(44, 2),(44, 3),
(45, 1),(45, 2),(45, 3),(46, 1),(46, 2),(46, 3),(47, 1),(47, 2),(47, 3),(48, 1),(48, 2),(48, 3),(49, 1),(49, 2),(49, 3),
(50, 1),(50, 2),(50, 3),(51, 1),(51, 2),(51, 3),(52, 1),(52, 2),(52, 3),(53, 1),(53, 2),(53, 3),(54, 1),(54, 2),(54, 3),
(55, 1),(55, 2),(55, 3),(56, 1),(56, 2),(56, 3),(58, 1),(58, 2),(58, 3),(59, 1),(59, 2),(59, 3),(59, 12),(60, 1),(60, 2),
(60, 3),(61, 1),(61, 2),(61, 3),(62, 1),(62, 2),(62, 3),(63, 1),(63, 2),(63, 3),(64, 1),(64, 2),(64, 3),(65, 1),(65, 2),
(65, 3),(66, 1),(66, 2),(66, 3),(67, 1),(67, 2),(67, 3),(68, 1),(68, 2),(68, 3),(69, 1),(69, 2),(69, 3),(70, 1),(70, 2),
(70, 3),(72, 1),(72, 2),(72, 3),(73, 1),(73, 2),(73, 3),(75, 1),(75, 2),(75, 3),(76, 1),(76, 2),(76, 3),(77, 1),(77, 2),
(77, 3),(78, 1),(78, 2),(78, 3),(79, 1),(79, 2),(79, 3),(80, 1),(80, 2),(80, 3),(81, 1),(81, 2),(81, 3),(83, 1),(83, 2),
(83, 3),(84, 1),(84, 2),(84, 3),(85, 1),(85, 2),(85, 3),(86, 1),(86, 2),(86, 3),(87, 1),(87, 2),(87, 3),(88, 1),(88, 2),
(88, 3),(89, 1),(89, 2),(89, 3),(90, 1),(90, 2),(90, 3),(91, 1),(91, 2),(91, 3),(93, 1),(93, 2),(93, 3),(94, 1),(94, 2),
(94, 3),(95, 1),(95, 2),(95, 3),(96, 1),(96, 2),(96, 3),(97, 1),(97, 2),(97, 3),(98, 1),(98, 2),(98, 3);

INSERT INTO `sindicancia_sentenciado` (`sentenciado_id`, `sindicancia_id`) VALUES
(1, 1),(1, 2),(1, 3),(1, 7),(1, 8),(1, 9),(1, 10),(1, 12),(1, 13),(2, 1),(2, 2),(2, 3),(2, 7),(2, 13),(3, 1),
(3, 2),(3, 3),(3, 13),(4, 1),(4, 2),(4, 3),(4, 7),(5, 1),(5, 2),(5, 3),(5, 8),(6, 1),(6, 2),(6, 3),(6, 13),
(7, 1),(7, 2),(7, 3),(7, 7),(8, 1),(8, 2),(8, 3),(8, 13),(9, 1),(9, 2),(9, 3),(10, 1),(10, 2),(10, 3),(10, 14),
(11, 1),(11, 2),(11, 3),(12, 1),(12, 2),(12, 3),(13, 1),(13, 2),(13, 3),(14, 1),(14, 2),(14, 3),(15, 1),(15, 2),
(15, 3),(16, 1),(16, 2),(16, 3),(17, 1),(17, 2),(17, 3),(18, 1),(18, 2),(18, 3),(18, 13),(19, 1),(19, 2),(19, 3),
(20, 1),(20, 2),(20, 3),(21, 1),(21, 2),(21, 3),(22, 1),(22, 2),(22, 3),(23, 1),(23, 2),(23, 3),(24, 1),(24, 2),
(24, 3),(25, 1),(25, 2),(25, 3),(26, 1),(26, 2),(26, 3),(27, 1),(27, 2),(27, 3),(28, 1),(28, 2),(28, 3),(29, 1),
(29, 2),(29, 3),(30, 1),(30, 2),(30, 3),(31, 1),(31, 2),(31, 3),(32, 1),(32, 2),(32, 3),(33, 1),(33, 2),(33, 3),
(34, 1),(34, 2),(34, 3),(35, 1),(35, 2),(35, 3),(36, 1),(36, 2),(36, 3),(37, 1),(37, 2),(37, 3),(38, 1),(38, 2),
(38, 3),(39, 1),(39, 2),(39, 3),(40, 1),(40, 2),(40, 3),(41, 1),(41, 2),(41, 3),(42, 1),(42, 2),(42, 3),(43, 1),
(43, 2),(43, 3),(44, 1),(44, 2),(44, 3),(45, 1),(45, 2),(45, 3),(46, 1),(46, 2),(46, 3),(47, 1),(47, 2),(47, 3),
(48, 1),(48, 2),(48, 3),(49, 1),(49, 2),(49, 3),(50, 1),(50, 2),(50, 3),(51, 1),(51, 2),(51, 3),(52, 1),(52, 2),
(52, 3),(53, 1),(53, 2),(53, 3),(54, 1),(54, 2),(54, 3),(55, 1),(55, 2),(55, 3),(56, 1),(56, 2),(56, 3),(57, 1),
(57, 2),(57, 3),(58, 1),(58, 2),(58, 3),(59, 1),(59, 2),(59, 3),(60, 1),(60, 2),(60, 3),(61, 1),(61, 2),(61, 3),
(62, 1),(62, 2),(62, 3),(63, 1),(63, 2),(63, 3),(64, 1),(64, 2),(64, 3),(65, 1),(65, 2),(65, 3),(66, 1),(66, 2),
(66, 3),(67, 1),(67, 2),(67, 3),(68, 1),(68, 2),(68, 3),(69, 1),(69, 2),(69, 3),(70, 1),(70, 2),(70, 3),(71, 1),
(71, 2),(71, 3),(72, 1),(72, 2),(72, 3),(73, 1),(73, 2),(73, 3),(74, 1),(74, 2),(74, 3),(75, 1),(75, 2),(75, 3),
(76, 1),(76, 2),(76, 3),(77, 1),(77, 2),(77, 3),(78, 1),(78, 2),(78, 3),(79, 1),(79, 2),(79, 3),(80, 1),(80, 2),
(80, 3),(81, 1),(81, 2),(81, 3),(82, 1),(82, 2),(82, 3),(83, 1),(83, 2),(83, 3),(84, 1),(84, 2),(84, 3),(85, 1),
(85, 2),(85, 3),(86, 1),(86, 2),(86, 3),(87, 1),(87, 2),(87, 3),(88, 1),(88, 2),(88, 3),(89, 1),(89, 2),(89, 3),
(90, 1),(90, 2),(90, 3),(91, 1),(91, 2),(91, 3),(92, 1),(92, 2),(92, 3),(93, 1),(93, 2),(93, 3);



INSERT INTO `movimentacao_externa` (`id`, `data_movimentacao`, `data_registro`, `tipoMe`, `presidio_id`, `sentenciado_id`) VALUES
(1, '2021-06-01', '2021-07-20 13:01:31', 'IN', 22, 29),
(4, '2021-07-19', '2021-07-20 16:26:38', 'EX', 147, 29),
(5, '2021-05-02', '2021-07-20 17:00:37', 'IN', 95, 24),
(6, '2021-07-12', '2021-07-20 17:04:31', 'EX', 77, 24),
(7, '2021-07-04', '2021-07-22 08:18:54', 'IN', 10, 6),
(8, '2021-07-04', '2021-07-22 08:19:30', 'IN', 10, 7),
(9, '2021-07-04', '2021-07-22 08:20:33', 'IN', 10, 11),
(10, '2021-07-04', '2021-07-22 08:21:11', 'IN', 10, 9),
(11, '2021-07-04', '2021-07-22 08:22:20', 'IN', 10, 12),
(12, '2021-07-04', '2021-07-22 08:22:58', 'EX', 10, 12),
(13, '2021-07-04', '2021-07-22 08:23:59', 'IN', 10, 12),
(14, '2021-07-05', '2021-07-22 08:25:26', 'IN', 1, 15),
(15, '2021-07-05', '2021-07-22 08:26:13', 'IN', 1, 16),
(16, '2021-07-05', '2021-07-22 08:26:59', 'IN', 3, 17),
(17, '2021-07-05', '2021-07-22 08:28:03', 'IN', 2, 18),
(18, '2021-07-06', '2021-07-22 08:28:50', 'IN', 8, 19),
(19, '2021-07-11', '2021-07-22 08:29:57', 'IN', 8, 20),
(20, '2021-07-06', '2021-07-22 08:30:55', 'IN', 8, 21),
(21, '2021-07-11', '2021-07-22 08:31:52', 'IN', 8, 22),
(22, '2021-07-12', '2021-07-22 08:32:35', 'IN', 8, 24),
(23, '2021-07-11', '2021-07-22 08:33:12', 'IN', 8, 25),
(24, '2021-07-13', '2021-07-22 08:34:53', 'IN', 97, 31),
(25, '2021-07-13', '2021-07-22 08:36:54', 'IN', 97, 51),
(26, '2021-07-13', '2021-07-22 08:37:58', 'IN', 97, 84),
(27, '2021-07-13', '2021-07-22 08:38:56', 'IN', 97, 85),
(28, '2021-07-13', '2021-07-22 08:40:05', 'IN', 97, 86),
(29, '2021-07-13', '2021-07-22 08:42:49', 'IN', 97, 73),
(30, '2021-07-13', '2021-07-22 08:44:03', 'IN', 97, 62),
(31, '2021-07-13', '2021-07-22 08:44:45', 'IN', 97, 42),
(32, '2021-07-13', '2021-07-22 08:45:35', 'IN', 97, 48),
(33, '2021-07-13', '2021-07-22 08:46:20', 'IN', 97, 28),
(34, '2021-07-13', '2021-07-22 08:47:28', 'IN', 97, 46),
(35, '2021-07-13', '2021-07-22 08:48:23', 'IN', 97, 32),
(36, '2021-07-13', '2021-07-22 08:49:00', 'IN', 97, 43),
(37, '2021-07-12', '2021-07-22 11:00:41', 'IN', 12, 66),
(38, '2021-07-18', '2021-07-22 11:01:39', 'IN', 12, 39),
(39, '2021-07-19', '2021-07-22 11:02:24', 'IN', 12, 55),
(40, '2021-07-19', '2021-07-22 11:03:01', 'IN', 12, 26),
(41, '2021-07-19', '2021-07-22 11:03:40', 'IN', 12, 27),
(42, '2021-07-19', '2021-07-22 11:04:48', 'IN', 12, 36),
(43, '2021-07-19', '2021-07-22 11:05:59', 'IN', 12, 38),
(44, '2021-07-19', '2021-07-22 11:06:31', 'IN', 12, 47),
(45, '2021-07-19', '2021-07-22 11:07:09', 'IN', 12, 49),
(46, '2021-07-19', '2021-07-22 11:07:49', 'IN', 12, 56),
(47, '2021-07-19', '2021-07-22 11:08:40', 'IN', 12, 88);

--
-- Extraindo dados da tabela `movimentacao_interna`
--

INSERT INTO `movimentacao_interna` (`id`, `data_registro`, `data_movimentacao`, `motivo`, `tipoMi`, `cela_id`, `sentenciado_id`) VALUES
(1, '2021-07-20', '2021-06-01 00:00:00', 'IR', 'AL', 2, 29),
(2, '2021-07-20', '2021-06-02 00:00:00', 'CD', 'MC', 111, 29),
(3, '2021-07-20', '2021-06-14 00:00:00', 'CA', 'MC', 434, 29),
(6, '2021-07-20', '2021-07-19 00:00:00', 'LB', 'DS', 474, 29),
(7, '2021-07-20', '2021-05-02 00:00:00', 'IR', 'AL', 110, 24),
(8, '2021-07-20', '2021-07-12 00:00:00', 'ER', 'DS', 474, 24),
(9, '2021-07-22', '2021-07-04 00:00:00', 'IR', 'AL', 104, 6),
(10, '2021-07-22', '2021-07-04 00:00:00', 'IR', 'AL', 104, 7),
(11, '2021-07-22', '2021-07-04 00:00:00', 'IR', 'AL', 105, 11),
(12, '2021-07-22', '2021-07-04 00:00:00', 'IR', 'AL', 105, 9),
(13, '2021-07-22', '2021-07-04 00:00:00', 'IR', 'AL', 2, 12),
(14, '2021-07-22', '2021-07-04 00:00:00', 'ERR', 'DS', 474, 12),
(15, '2021-07-22', '2021-07-04 00:00:00', 'IR', 'AL', 106, 12),
(16, '2021-07-22', '2021-07-05 00:00:00', 'IR', 'AL', 416, 15),
(17, '2021-07-22', '2021-07-05 00:00:00', 'IR', 'AL', 415, 16),
(18, '2021-07-22', '2021-07-05 00:00:00', 'IR', 'AL', 437, 17),
(19, '2021-07-22', '2021-07-05 00:00:00', 'IR', 'AL', 462, 18),
(20, '2021-07-22', '2021-07-06 00:00:00', 'IR', 'AL', 310, 19),
(21, '2021-07-22', '2021-07-11 00:00:00', 'IR', 'AL', 311, 20),
(22, '2021-07-22', '2021-07-06 00:00:00', 'IR', 'AL', 312, 21),
(23, '2021-07-22', '2021-07-11 00:00:00', 'IR', 'AL', 314, 22),
(24, '2021-07-22', '2021-07-12 00:00:00', 'IR', 'AL', 316, 24),
(25, '2021-07-22', '2021-07-11 00:00:00', 'IR', 'AL', 320, 25),
(26, '2021-07-22', '2021-07-13 00:00:00', 'IR', 'AL', 436, 31),
(27, '2021-07-22', '2021-07-13 00:00:00', 'IR', 'AL', 434, 51),
(28, '2021-07-22', '2021-07-13 00:00:00', 'IR', 'AL', 435, 84),
(29, '2021-07-22', '2021-07-13 00:00:00', 'IR', 'AL', 436, 85),
(30, '2021-07-22', '2021-07-13 00:00:00', 'IR', 'AL', 437, 86),
(31, '2021-07-22', '2021-07-13 00:00:00', 'IR', 'AL', 438, 73),
(32, '2021-07-22', '2021-07-13 00:00:00', 'IR', 'AL', 439, 62),
(33, '2021-07-22', '2021-07-13 00:00:00', 'IR', 'AL', 439, 42),
(34, '2021-07-22', '2021-07-13 00:00:00', 'IR', 'AL', 441, 48),
(35, '2021-07-22', '2021-07-13 00:00:00', 'IR', 'AL', 442, 28),
(36, '2021-07-22', '2021-07-13 00:00:00', 'IR', 'AL', 445, 46),
(37, '2021-07-22', '2021-07-13 00:00:00', 'IR', 'AL', 446, 32),
(38, '2021-07-22', '2021-07-13 00:00:00', 'IR', 'AL', 449, 43),
(39, '2021-07-22', '2021-07-12 00:00:00', 'IR', 'AL', 450, 66),
(40, '2021-07-22', '2021-07-18 00:00:00', 'IR', 'AL', 451, 39),
(41, '2021-07-22', '2021-07-19 00:00:00', 'IR', 'AL', 451, 55),
(42, '2021-07-22', '2021-07-19 00:00:00', 'IR', 'AL', 452, 26),
(43, '2021-07-22', '2021-07-19 00:00:00', 'IR', 'AL', 453, 27),
(44, '2021-07-22', '2021-07-19 00:00:00', 'IR', 'AL', 453, 36),
(45, '2021-07-22', '2021-07-19 00:00:00', 'IR', 'AL', 455, 38),
(46, '2021-07-22', '2021-07-19 00:00:00', 'IR', 'AL', 456, 47),
(47, '2021-07-22', '2021-07-19 00:00:00', 'IR', 'AL', 456, 49),
(48, '2021-07-22', '2021-07-19 00:00:00', 'IR', 'AL', 457, 56),
(49, '2021-07-22', '2021-07-19 00:00:00', 'IR', 'AL', 458, 88);






INSERT INTO `observacao` (`id`, `data_ocorrido`, `data_registro`, `relato`, `sentenciado_id`) VALUES
(5, '2021-07-01', '2021-07-19 16:12:36', 'Teve uma convulsão e bateu a cabeça na cama.', 1),
(6, '2021-07-05', '2021-07-19 16:13:43', 'Recuso-se  a assinar documentação.', 1),
(7, '2021-07-12', '2021-07-19 16:15:00', 'Quebrou a cela após suposta crise de abstinência.', 1),
(8, '2021-01-07', '2021-07-19 16:16:12', 'Sentenciado pede segura e alega não ter convicio com população atual.', 8),
(9, '2016-07-11', '2021-07-19 16:19:18', 'Sentenciado joga merda no ASP Antônio após o agente abrir guichê da cela, o sentenciado alega ter pensado ser o Agente do plantão anterior.', 86),
(10, '2021-07-02', '2021-07-19 16:20:52', 'Sentenciado diz para o Agente que esta se sentindo sozinho e quer um sentenciado para dividir a cela com ele.', 4),
(11, '2021-07-16', '2021-07-19 16:22:55', 'O sentencido alega ter o intestino preso e diz que não vai admitir que seja tratado como lixo e que tem direito a saúde e se\n não for atendido pelo médico vai colocar fogo na cela.', 10),
(12, '2015-05-04', '2021-07-19 16:27:01', 'Sentenciado tentou agredir funcionário com um vidro de xarope. O mesmo atirou contra o funcionário.', 3),
(13, '2015-07-14', '2021-07-19 16:31:19', 'Funcionário atira pedaços de concretos no Agente, os pedaços de concretos foram retirados da cama do mesmo. Ao após revista na cela foi encontrado uma faca artesanal e uma lamina de gilete afixada em uma escova de dente que o mesmo confessou que iria usar contra o Agente .', 1),
(14, '2021-07-09', '2021-07-19 16:36:13', 'O sentenciado após ser levado para um atendimento médico em um momento de fúria falou palavras de baixo calão para o médico e enfermeiro que os atendia.', 11);

 

